Régions	Naissances vivantes Moins de 2500 g
Boucle du Mouhoun	365
Boucle du Mouhoun	1451
Boucle du Mouhoun	1301
Boucle du Mouhoun	1383
Boucle du Mouhoun	1365
Boucle du Mouhoun	569
Boucle du Mouhoun	997
Cascades	291
Cascades	1346
Cascades	 
Cascades	1004
Centre	944
Centre	-
Centre	31
Centre	729
Centre	373
Centre	2378
Centre	2579
Centre	896
Centre	1107
Centre-Est	454
Centre-Est	786
Centre-Est	767
Centre-Est	892
Centre-Est	1226
Centre-Est	302
Centre-Est	771
Centre-Est	575
Centre- Nord	392
Centre- Nord	658
Centre- Nord	764
Centre- Nord	593
Centre- Nord	931
Centre- Nord	1454
Centre- Nord	472
Centre-Ouest	487
Centre-Ouest	863
Centre-Ouest	1296
Centre-Ouest	480
Centre-Ouest	699
Centre-Ouest	277
Centre-Ouest	1009
Centre-Ouest	378
Centre-Sud	585
Centre-Sud	832
Centre-Sud	819
Centre-Sud	270
Est	339
Est	1095
Est	1723
Est	1905
Est	582
Est	508
Est	669
hauts-bassins	233
haut-bassins	1010
haut-bassins	924
haut-bassins	1738
haut-bassins	1412
haut-bassins	669
haut-bassins	266
haut-bassins	387
haut-bassins	981
Nord	275
Nord	818
Nord	1141
Nord	1181
Nord	604
Nord	889
Nord	1267
Plateau central	522
Plateau central	848
Plateau central	1569
Sahel	294
Sahel	1401
Sahel	1708
Sahel	506
Sahel	1291
Sud-ouest	277
Sud-ouest	269
Sud-ouest	818
Sud-ouest	698
Sud-ouest	732
Sud-ouest	411
